{
  "BTC": 0.00001207,
  "USDT": 0.999997,
  "BITCOIN": 0.01890788,
  "BT": 0.00100076,
  "XMR": 330.6
}